{
  "BotId": 1000,
  "Bubbles": [
    {
      "id": 0,
      "text": "📝 A <b>verb</b> is an action word, like <br> <br> <b>walk</b> <br> <b>talk</b> <br> <b>sing</b> <br> <b>compete</b>",
      "responseType": 0,
      "mediaUrl": "",
      "optionsCount": 0,
      "answers": [],
      "isEntryPointForNewTest": false,
      "questionsCount": 0,
      "filename": "",
      "nextBubbleId": 1,
      "delay": 2
    },
    {
      "id": 1,
      "text": "For example - I <b>cook</b> dinner everyday.",
      "responseType": 1,
      "mediaUrl": "",
      "optionsCount": 1,
      "answers": [
        {
          "id": 1,
          "text": "Got it!",
          "answerType": 0,
          "nextBubbleId": 2,
          "score": 0,
          "isEntryPointForNewBot": false,
          "isEntryPointForNewTest": false,
          "questionsCount": 0,
          "filename": ""
        }
      ],
      "isEntryPointForNewTest": false,
      "questionsCount": 0,
      "filename": "",
      "nextBubbleId": 2,
      "delay": 1
    },
    {
      "id": 2,
      "text": "Great! Now let's practice.",
      "responseType": 0,
      "mediaUrl": "",
      "optionsCount": 0,
      "answers": [],
      "isEntryPointForNewTest": false,
      "questionsCount": 0,
      "filename": "",
      "nextBubbleId": 3,
      "delay": 2
    },
    {
      "id": 3,
      "text": "<i>We will dance with the bride.</i> <br> <br> In this sentence, which word is the verb?",
      "responseType": 4,
      "correctResponses": [
        "dance"
      ],
      "acceptedIncorrectResponses": [
        "We",
        "will",
        "with",
        "the",
        "bride"
      ],
      "nextErrorBubbleId": 4,
      "mediaUrl": "",
      "optionsCount": 0,
      "answers": [],
      "isEntryPointForNewTest": false,
      "questionscount": 0,
      "filename": "",
      "isExitPoint": false,
      "nextBubbleId": 5,
      "delay": 1
    },
    {
      "id": 4,
      "text": "What will we <b>do</b>? <i>Dance</i> <br> So, <b>dance</b> is the verb.",
      "responseType": 0,
      "mediaUrl": "",
      "optionsCount": 0,
      "answers": [],
      "isEntryPointForNewTest": false,
      "questionsCount": 0,
      "filename": "",
      "nextBubbleId": 5,
      "delay": 3
    },
    {
      "id": 5,
      "text": "Could you point out the verb in this one?<br> <br> <i>I go for a jog every morning.</i>",
      "responseType": 4,
      "correctResponses": [
        "go"
      ],
      "acceptedIncorrectResponses": [
        "I",
        "for",
        "a",
        "jog",
        "everyday"
      ],
      "nextErrorBubbleId": 6,
      "mediaUrl": "",
      "optionsCount": 0,
      "answers": [],
      "isEntryPointForNewTest": false,
      "questionscount": 0,
      "filename": "",
      "isExitPoint": false,
      "nextBubbleId": 7,
      "delay": 1
    },
    {
      "id": 6,
      "text": "The correct answer is <i>go</i>",
      "responseType": 0,
      "mediaUrl": "",
      "optionsCount": 0,
      "answers": [],
      "isEntryPointForNewTest": false,
      "questionsCount": 0,
      "filename": "",
      "nextBubbleId": 7,
      "delay": 2
    },
    {
      "id": 7,
      "text": "Next -- <br> <i>Mrs. Khan designed my outfit.</i>",
      "responseType": 4,
      "correctResponses": [
        "designed"
      ],
      "acceptedIncorrectResponses": [
        "Mrs",
        "Khan",
        "my",
        "outfit"
      ],
      "nextErrorBubbleId": 8,
      "mediaUrl": "",
      "optionsCount": 0,
      "answers": [],
      "isEntryPointForNewTest": false,
      "questionscount": 0,
      "filename": "",
      "isExitPoint": false,
      "nextBubbleId": 9,
      "delay": 1
    },
    {
      "id": 8,
      "text": "<i>Designed</i> is the verb because it describes the activity or action.",
      "responseType": 0,
      "mediaUrl": "",
      "optionsCount": 0,
      "answers": [],
      "isEntryPointForNewTest": false,
      "questionsCount": 0,
      "filename": "",
      "nextBubbleId": 9,
      "delay": 3
    },
    {
      "id": 9,
      "text": "<i>He plays pool at the club.</i>",
      "responseType": 4,
      "correctResponses": [
        "plays"
      ],
      "acceptedIncorrectResponses": [
        "He",
        "pool",
        "at",
        "the",
        "club"
      ],
      "nextErrorBubbleId": 10,
      "mediaUrl": "",
      "optionsCount": 0,
      "answers": [],
      "isEntryPointForNewTest": false,
      "questionscount": 0,
      "filename": "",
      "isExitPoint": false,
      "nextBubbleId": 11,
      "delay": 1
    },
    {
      "id": 10,
      "text": "<i>Plays</i> is the verb because it describes the action.",
      "responseType": 0,
      "mediaUrl": "",
      "optionsCount": 0,
      "answers": [],
      "isEntryPointForNewTest": false,
      "questionsCount": 0,
      "filename": "",
      "nextBubbleId": 11,
      "delay": 3
    },
    {
      "id": 11,
      "text": "<i>Mimi writes poetry.</i>",
      "responseType": 4,
      "correctResponses": [
        "writes"
      ],
      "acceptedIncorrectResponses": [
        "Mimi",
        "poetry"
      ],
      "nextErrorBubbleId": 12,
      "mediaUrl": "",
      "optionsCount": 0,
      "answers": [],
      "isEntryPointForNewTest": false,
      "questionscount": 0,
      "filename": "",
      "isExitPoint": false,
      "nextBubbleId": 13,
      "delay": 1
    },
    {
      "id": 12,
      "text": "What does Mimi <b>do</b>? She <i>writes</i>. <br> So, <b>writes</b> is the verb. ",
      "responseType": 0,
      "mediaUrl": "",
      "optionsCount": 0,
      "answers": [],
      "isEntryPointForNewTest": false,
      "questionsCount": 0,
      "filename": "",
      "nextBubbleId": 13,
      "delay": 3
    },
    {
      "id": 13,
      "text": "Remember, the word which shows the <b>action</b> is the verb.",
      "responseType": 1,
      "mediaUrl": "",
      "optionsCount": 1,
      "answers": [
        {
          "id": 13,
          "text": "Understood 😊",
          "answerType": 0,
          "nextBubbleId": -2,
          "score": 0,
          "isEntryPointForNewBot": false,
          "isEntryPointForNewTest": false,
          "questionsCount": 0,
          "filename": ""
        }
      ],
      "isEntryPointForNewTest": false,
      "questionsCount": 0,
      "filename": "",
      "nextBubbleId": -2,
      "delay": 1
    }
  ]
}