{
	"BotId": 0,
	"Bubbles": [
		{
			"id": 0,
			"text": "Hi! 🙂 <br> How are you?",
			"responseType": 1,
			"mediaUrl": "",
			"optionsCount": 2,
			"answers": [
				{
					"id": 0,
					"text": "I am good.",
					"answerType": 0,
					"nextBubbleId": 1,
					"score": 0,
					"isEntryPointForNewBot": false,
					"isEntryPointForNewTest": false,
					"questionsCount": 0,
					"filename": ""
				},
				{
					"id": 0,
					"text": "I am great!",
					"answerType": 0,
					"nextBubbleId": 1,
					"score": 0,
					"isEntryPointForNewBot": false,
					"isEntryPointForNewTest": false,
					"questionsCount": 0,
					"filename": ""
				}
			],
			"isEntryPointForNewTest": false,
			"questionsCount": 0,
			"filename": "",
			"nextBubbleId": 1,
			"delay": 1
		},
		{
			"id": 1,
			"text": "\"<fb>\" is in <b>simple present tense</b>. <br> It shows how you feel <b>at this time</b>.",
			"responseType": 0,
			"mediaUrl": "",
			"optionsCount": 0,
			"answers": [],
			"isEntryPointForNewTest": false,
			"questionsCount": 0,
			"filename": "",
			"nextBubbleId": 2,
			"delay": 3
		},
		{
			"id": 2,
			"text": "For simple present, we use <br> <br>I <b>am</b> <br> You/We/They <b>are</b> <br> He/She/It <b>is</b>",
			"responseType": 1,
			"mediaUrl": "",
			"optionsCount": 1,
			"answers": [
				{
					"id": 2,
					"text": "Got it 👍",
					"answerType": 0,
					"nextBubbleId": 3,
					"score": 0,
					"isEntryPointForNewBot": false,
					"isEntryPointForNewTest": false,
					"questionsCount": 0,
					"filename": ""
				}
			],
			"isEntryPointForNewTest": false,
			"questionsCount": 0,
			"filename": "",
			"nextBubbleId": 3,
			"delay": 1
		},
		{
			"id": 3,
			"text": "Here's a simple exercise. Choose the present tense sentence - ",
			"responseType": 1,
			"mediaUrl": "",
			"optionsCount": 1,
			"answers": [
				{
					"id": 3,
					"text": "Alright!",
					"answerType": 0,
					"nextBubbleId": 0,
					"score": 0,
					"isEntryPointForNewBot": true,
					"isEntryPointForNewTest": false,
					"questionsCount": 0,
					"filename": "testbot_simple_present_tense_01"
				}
			],
			"isEntryPointForNewTest": false,
			"questionsCount": 0,
			"filename": "",
			"nextBubbleId": 4,
			"delay": 2
		},
		{
			"id": 4,
			"text": "Not bad 👏 <br> Let's look at how to use verbs in present tense.",
			"responseType": 1,
			"mediaUrl": "",
			"optionsCount": 2,
			"answers": [
				{
					"id": 4,
					"text": "Sure 😊",
					"answerType": 0,
					"nextBubbleId": 5,
					"score": 0,
					"isEntryPointForNewBot": false,
					"isEntryPointForNewTest": false,
					"questionsCount": 0,
					"filename": ""
				},
				{
					"id": 4,
					"text": "What's a verb? 🤔",
					"answerType": 0,
					"nextBubbleId": 0,
					"score": 0,
					"isEntryPointForNewBot": true,
					"isEntryPointForNewTest": false,
					"questionsCount": 0,
					"filename": "bot_verbs"
				}
			],
			"isEntryPointForNewTest": false,
			"questionsCount": 0,
			"filename": "",
			"nextBubbleId": 5,
			"delay": 1
		},
		{
			"id": 5,
			"text": "📝 The verb rule for simple present tense is - <br> <br> I/You/We/They <i>verb</i>... <br> <br> I <b>write</b> for a newspaper. <br> They <b>speak</b> French. ",
			"responseType": 1,
			"mediaUrl": "",
			"optionsCount": 1,
			"answers": [
				{
					"id": 5,
					"text": "Noted 👍",
					"answerType": 0,
					"nextBubbleId": 6,
					"score": 0,
					"isEntryPointForNewBot": false,
					"isEntryPointForNewTest": false,
					"questionsCount": 0,
					"filename": ""
				}
			],
			"isEntryPointForNewTest": false,
			"questionsCount": 0,
			"filename": "",
			"nextBubbleId": 6,
			"delay": 1
		},
		{
			"id": 6,
			"text": "📝 The next part of the verb rule is <br> <br> He/She/It <i>verb+s</i>... <br> <br> She <b>dances</b> beautifully. <br> It <b>looks</b> difficult. ",
			"responseType": 1,
			"mediaUrl": "",
			"optionsCount": 1,
			"answers": [
				{
					"id": 6,
					"text": "Let's practice 🙂",
					"answerType": 0,
					"nextBubbleId": 0,
					"score": 0,
					"isEntryPointForNewBot": false,
					"isEntryPointForNewTest": true,
					"questionsCount": 5,
					"filename": "test_simple_present_tense_02"
				}
			],
			"isEntryPointForNewTest": false,
			"questionsCount": 0,
			"filename": "",
			"nextBubbleId": 7,
			"delay": 1
		},
		{
			"id": 7,
			"text": "Looks like you need more practice.",
			"responseType": 1,
			"mediaUrl": "",
			"optionsCount": 2,
			"answers": [
				{
					"id": 7,
					"text": "Explain the verb rule again",
					"answerType": 0,
					"nextBubbleId": 0,
					"score": 0,
					"isEntryPointForNewBot": true,
					"isEntryPointForNewTest": false,
					"questionsCount": 0,
					"filename": "testbot_simple_present_tense_02"
				},
				{
					"id": 7,
					"text": "Practice more",
					"answerType": 0,
					"nextBubbleId": 5,
					"score": 0,
					"isEntryPointForNewBot": false,
					"isEntryPointForNewTest": true,
					"questionsCount": 5,
					"filename": "test_simple_present_tense_02"
				}
			],
			"isEntryPointForNewTest": false,
			"questionsCount": 0,
			"filename": "",
			"nextBubbleId": 9,
			"delay": 1
		},
		{
			"id": 8,
			"text": "Well done!👏 <br> You've understood how to use verbs in simple present tense.",
			"responseType": 1,
			"mediaUrl": "",
			"optionsCount": 2,
			"answers": [
				{
					"id": 8,
					"text": "I'm a fast learner 🙂",
					"answerType": 0,
					"nextBubbleId": 9,
					"score": 0,
					"isEntryPointForNewBot": false,
					"isEntryPointForNewTest": false,
					"questionsCount": 0,
					"filename": ""
				},
				{
					"id": 8,
					"text": "Practice more",
					"answerType": 0,
					"nextBubbleId": 5,
					"score": 0,
					"isEntryPointForNewBot": false,
					"isEntryPointForNewTest": true,
					"questionsCount": 5,
					"filename": "test_simple_present_tense_02"
				}
			],
			"isEntryPointForNewTest": false,
			"questionsCount": 0,
			"filename": "",
			"nextBubbleId": 9,
			"delay": 1
		},
		{
			"id": 9,
			"text": "Simple present tense is used to describe - <br> <br> things that happen regularly <br> habits <br> hobbies",
			"responseType": 0,
			"mediaUrl": "",
			"optionsCount": 0,
			"answers": [],
			"isEntryPointForNewTest": false,
			"questionsCount": 0,
			"filename": "",
			"nextBubbleId": 10,
			"delay": 3
		},
		{
			"id": 10,
			"text": "Here's how we introduce someone using simple present tense.",
			"responseType": 0,
			"mediaUrl": "",
			"optionsCount": 0,
			"answers": [],
			"isEntryPointForNewTest": false,
			"questionsCount": 0,
			"filename": "",
			"nextBubbleId": 11,
			"delay": 3
		},
		{
			"id": 11,
			"text": "This <b>is</b> Jewel.",
			"responseType": 2,
			"mediaUrl": "Jewel.jpeg",
			"optionsCount": 0,
			"answers": [],
			"isEntryPointForNewTest": false,
			"questionsCount": 0,
			"filename": "",
			"nextBubbleId": 12,
			"delay": 2
		},
		{
			"id": 12,
			"text": "She <b>studies</b> in France. <br> She <b>wants</b> to become a doctor. <br> She <b>works</b> at the library. <br> She <b>likes</b> Italian food.",
			"responseType": 1,
			"mediaUrl": "",
			"optionsCount": 1,
			"answers": [
				{
					"id": 12,
					"text": "Got it 🙂",
					"answerType": 0,
					"nextBubbleId": 13,
					"score": 0,
					"isEntryPointForNewBot": false,
					"isEntryPointForNewTest": false,
					"questionsCount": 0,
					"filename": ""
				}
			],
			"isEntryPointForNewTest": false,
			"questionsCount": 0,
			"filename": "",
			"nextBubbleId": 13,
			"delay": 1
		},
		{
			"id": 13,
			"text": "You've learnt the basics of <b>simple present tense</b>. 🌟 <br> Well done!",
			"responseType": 0,
			"mediaUrl": "",
			"optionsCount": 0,
			"answers": [],
			"isEntryPointForNewTest": false,
			"questionsCount": 0,
			"filename": "",
			"nextBubbleId": 14,
			"delay": 2
		},
		{
			"id": 14,
			"text": "Should we learn present continuous tense?",
			"responseType": 1,
			"mediaUrl": "",
			"optionsCount": 3,
			"answers": [
				{
					"id": 14,
					"text": "Sure!",
					"answerType": 0,
					"nextBubbleId": 15,
					"score": 0,
					"isEntryPointForNewBot": false,
					"isEntryPointForNewTest": false,
					"questionsCount": 0,
					"filename": ""
				},
				{
					"id": 14,
					"text": "Maybe later",
					"answerType": 0,
					"nextBubbleId": 17,
					"score": 0,
					"isEntryPointForNewBot": false,
					"isEntryPointForNewTest": false,
					"questionsCount": 0,
					"filename": ""
				},
				{
					"id": 14,
					"text": "Learn more about simple present tense",
					"answerType": 0,
					"nextBubbleId": 18,
					"score": 0,
					"isEntryPointForNewBot": false,
					"isEntryPointForNewTest": false,
					"questionsCount": 0,
					"filename": ""
				}
			],
			"isEntryPointForNewTest": false,
			"questionsCount": 0,
			"filename": "",
			"nextBubbleId": 14,
			"delay": 1
		},
		{
			"id": 15,
			"text": "Good choice! Hope you had a great session.",
			"responseType": 0,
			"mediaUrl": "",
			"optionsCount": 0,
			"answers": [],
			"isEntryPointForNewTest": false,
			"questionsCount": 0,
			"filename": "",
			"nextBubbleId": 16,
			"delay": 2
		},
		{
			"id": 16,
			"text": "You can always come back to learn more about this topic.",
			"responseType": 0,
			"mediaUrl": "",
			"optionsCount": 0,
			"answers": [],
			"isEntryPointForNewTest": false,
			"questionsCount": 0,
			"filename": "",
			"nextBubbleId": 16,
			"delay": 2
		},
		{
			"id": 17,
			"text": "Okay 🙂",
			"responseType": 0,
			"mediaUrl": "",
			"optionsCount": 0,
			"answers": [],
			"isEntryPointForNewTest": false,
			"questionsCount": 0,
			"filename": "",
			"nextBubbleId": 16,
			"delay": 1
		},
		{
			"id": 18,
			"text": "Let's check how much you've learnt so far. 🙂",
			"responseType": 0,
			"mediaUrl": "",
			"optionsCount": 0,
			"answers": [],
			"isEntryPointForNewTest": false,
			"questionsCount": 0,
			"filename": "",
			"nextBubbleId": 18,
			"delay": 1
		}
	]
}