{
  "BotId": 10001,
  "Bubbles": [
    {
      "id": 0,
      "text": "",
      "responseType": 1,
      "mediaUrl": "",
      "optionsCount": 3,
      "answers": [
        {
          "id": 0,
          "text": "I am a doctor.",
          "answerType": 1,
          "nextBubbleId": 1,
          "score": 1,
          "isEntryPointForNewBot": false,
          "isEntryPointForNewTest": false,
          "questionsCount": 0,
          "filename": ""
        },
        {
          "id": 0,
          "text": "I was a doctor.",
          "answerType": 1,
          "nextBubbleId": 2,
          "score": 0,
          "isEntryPointForNewBot": false,
          "isEntryPointForNewTest": false,
          "questionsCount": 0,
          "filename": ""
        },
        {
          "id": 0,
          "text": "I will be a doctor.",
          "answerType": 1,
          "nextBubbleId": 3,
          "score": 0,
          "isEntryPointForNewBot": false,
          "isEntryPointForNewTest": false,
          "questionsCount": 0,
          "filename": ""
        }
      ],
      "isEntryPointForNewTest": false,
      "questionsCount": 0,
      "filename": "",
      "nextBubbleId": 5,
      "delay": 1
    },
    {
      "id": 1,
      "text": "That's correct! 👍",
      "responseType": 0,
      "mediaUrl": "",
      "optionsCount": 0,
      "answers": [],
      "isEntryPointForNewTest": false,
      "questionsCount": 0,
      "filename": "",
      "nextBubbleId": 5,
      "delay": 1
    },
    {
      "id": 2,
      "text": "This sentence is in <i>past</i> tense.",
      "responseType": 0,
      "mediaUrl": "",
      "optionsCount": 0,
      "answers": [],
      "isEntryPointForNewTest": false,
      "questionsCount": 0,
      "filename": "",
      "nextBubbleId": 4,
      "delay": 2
    },
    {
      "id": 3,
      "text": "This sentence is in <i>future</i> tense.",
      "responseType": 0,
      "mediaUrl": "",
      "optionsCount": 0,
      "answers": [],
      "isEntryPointForNewTest": false,
      "questionsCount": 0,
      "filename": "",
      "nextBubbleId": 4,
      "delay": 2
    },
    {
      "id": 4,
      "text": "To identify the right answer, look for <br> <br> I <b>am</b> <br> You/We/They <b>are</b> <br> He/She/It <b>is</b>",
      "responseType": 1,
      "mediaUrl": "",
      "optionsCount": 1,
      "answers": [
        {
          "id": 4,
          "text": "Alright",
          "answerType": 0,
          "nextBubbleId": 5,
          "score": 0,
          "isEntryPointForNewBot": false,
          "isEntryPointForNewTest": false,
          "questionsCount": 0,
          "filename": ""
        }
      ],
      "isEntryPointForNewTest": false,
      "questionsCount": 0,
      "filename": "",
      "nextBubbleId": 5,
      "delay": 1
    },
    {
      "id": 5,
      "text": "Let's try a few more. 🙂",
      "responseType": 1,
      "mediaUrl": "",
      "optionsCount": 3,
      "answers": [
        {
          "id": 5,
          "text": "They were nice people.",
          "answerType": 1,
          "nextBubbleId": 6,
          "score": 0,
          "isEntryPointForNewBot": false,
          "isEntryPointForNewTest": false,
          "questionsCount": 0,
          "filename": ""
        },
        {
          "id": 5,
          "text": "They will be nice people.",
          "answerType": 1,
          "nextBubbleId": 6,
          "score": 0,
          "isEntryPointForNewBot": false,
          "isEntryPointForNewTest": false,
          "questionsCount": 0,
          "filename": ""
        },
        {
          "id": 5,
          "text": "They are nice people.",
          "answerType": 1,
          "nextBubbleId": 7,
          "score": 1,
          "isEntryPointForNewBot": false,
          "isEntryPointForNewTest": false,
          "questionsCount": 0,
          "filename": ""
        }
      ],
      "isEntryPointForNewTest": false,
      "questionsCount": 0,
      "filename": "",
      "nextBubbleId": 8,
      "delay": 1
    },
    {
      "id": 6,
      "text": "Look for <b>they are</b> in the next sentence.",
      "responseType": 0,
      "mediaUrl": "",
      "optionsCount": 0,
      "answers": [],
      "isEntryPointForNewTest": false,
      "questionsCount": 0,
      "filename": "",
      "nextBubbleId": 8,
      "delay": 1
    },
    {
      "id": 7,
      "text": "Good job! 😊 Next...",
      "responseType": 0,
      "mediaUrl": "",
      "optionsCount": 0,
      "answers": [],
      "isEntryPointForNewTest": false,
      "questionsCount": 0,
      "filename": "",
      "nextBubbleId": 8,
      "delay": 1
    },
    {
      "id": 8,
      "text": "",
      "responseType": 1,
      "mediaUrl": "",
      "optionsCount": 3,
      "answers": [
        {
          "id": 8,
          "text": "They are not sure.",
          "answerType": 1,
          "nextBubbleId": 9,
          "score": 1,
          "isEntryPointForNewBot": false,
          "isEntryPointForNewTest": false,
          "questionsCount": 0,
          "filename": ""
        },
        {
          "id": 8,
          "text": "They were not sure.",
          "answerType": 1,
          "nextBubbleId": 10,
          "score": 0,
          "isEntryPointForNewBot": false,
          "isEntryPointForNewTest": false,
          "questionsCount": 0,
          "filename": ""
        },
        {
          "id": 8,
          "text": "They is not sure.",
          "answerType": 1,
          "nextBubbleId": 10,
          "score": 0,
          "isEntryPointForNewBot": false,
          "isEntryPointForNewTest": false,
          "questionsCount": 0,
          "filename": ""
        }
      ],
      "isEntryPointForNewTest": false,
      "questionsCount": 0,
      "filename": "",
      "nextBubbleId": 11,
      "delay": 1
    },
    {
      "id": 9,
      "text": "Nice!",
      "responseType": 0,
      "mediaUrl": "",
      "optionsCount": 0,
      "answers": [],
      "isEntryPointForNewTest": false,
      "questionsCount": 0,
      "filename": "",
      "nextBubbleId": 11,
      "delay": 1
    },
    {
      "id": 10,
      "text": "Read the options carefully.",
      "responseType": 0,
      "mediaUrl": "",
      "optionsCount": 0,
      "answers": [],
      "isEntryPointForNewTest": false,
      "questionsCount": 0,
      "filename": "",
      "nextBubbleId": 11,
      "delay": 1
    },
    {
      "id": 11,
      "text": "",
      "responseType": 1,
      "mediaUrl": "",
      "optionsCount": 3,
      "answers": [
        {
          "id": 11,
          "text": "She is an intelligent woman.",
          "answerType": 1,
          "nextBubbleId": 12,
          "score": 1,
          "isEntryPointForNewBot": false,
          "isEntryPointForNewTest": false,
          "questionsCount": 0,
          "filename": ""
        },
        {
          "id": 11,
          "text": "She was an intelligent woman.",
          "answerType": 1,
          "nextBubbleId": 13,
          "score": 0,
          "isEntryPointForNewBot": false,
          "isEntryPointForNewTest": false,
          "questionsCount": 0,
          "filename": ""
        },
        {
          "id": 11,
          "text": "She could be an intelligent woman.",
          "answerType": 1,
          "nextBubbleId": 13,
          "score": 0,
          "isEntryPointForNewBot": false,
          "isEntryPointForNewTest": false,
          "questionsCount": 0,
          "filename": ""
        }
      ],
      "isEntryPointForNewTest": false,
      "questionsCount": 0,
      "filename": "",
      "nextBubbleId": 15,
      "delay": 1
    },
    {
      "id": 12,
      "text": "Well done 👌",
      "responseType": 0,
      "mediaUrl": "",
      "optionsCount": 0,
      "answers": [],
      "isEntryPointForNewTest": false,
      "questionsCount": 0,
      "filename": "",
      "nextBubbleId": 15,
      "delay": 1
    },
    {
      "id": 13,
      "text": "Let's look at the rule again.",
      "responseType": 0,
      "mediaUrl": "",
      "optionsCount": 0,
      "answers": [],
      "isEntryPointForNewTest": false,
      "questionsCount": 0,
      "filename": "",
      "nextBubbleId": 14,
      "delay": 2
    },
        {
      "id": 14,
      "text": "📝 Simple Present Tense can be identified by <br> <br> I <b>am</b>... <br> You/We/They <b>are</b>... <br> He/She/It <b>is</b>...",
      "responseType": 1,
      "mediaUrl": "",
      "optionsCount": 1,
      "answers": [
        {
          "id": 14,
          "text": "Noted 👍",
          "answerType": 0,
          "nextBubbleId": 15,
          "score": 0,
          "isEntryPointForNewBot": false,
          "isEntryPointForNewTest": false,
          "questionsCount": 0,
          "filename": ""
        }
      ],
      "isEntryPointForNewTest": false,
      "questionsCount": 0,
      "filename": "",
      "nextBubbleId": 15,
      "delay": 1
    },
     {
      "id": 15,
      "text": "Now, complete the rule we just learnt using <b>am</b>, <b>are</b> or <b>is</b>.",
      "responseType": 0,
      "mediaUrl": "",
      "optionsCount": 0,
      "answers": [],
      "isEntryPointForNewTest": false,
      "questionsCount": 0,
      "filename": "",
      "nextBubbleId": 16,
      "delay": 3
    },
    {
        "id" : 16,
        "text" : "He/She/it ___...",
        "responseType" : 4,
        "correctResponses" : ["is"],
        "acceptedIncorrectResponses" : ["am", "are"],
        "nextErrorBubbleId" : 17,
        "mediaUrl" : "",
        "optionsCount" : 0,
        "answers" : [],
        "isEntryPointForNewTest" : false,
        "questionscount" : 0,
        "filename" : "",
        "isExitPoint" : false,
        "nextBubbleId" : 18,
        "delay" : 1
    },
     {
      "id": 17,
      "text": "He/She/It <b>is</b>... ✅",
      "responseType": 0,
      "mediaUrl": "",
      "optionsCount": 0,
      "answers": [],
      "isEntryPointForNewTest": false,
      "questionsCount": 0,
      "filename": "",
      "nextBubbleId": 18,
      "delay": 2
    },
            {
        "id" : 18,
        "text" : "I ___...",
        "responseType" : 4,
        "correctResponses" : ["am"],
        "acceptedIncorrectResponses" : ["are", "is"],
        "nextErrorBubbleId" : 19,
        "mediaUrl" : "",
        "optionsCount" : 0,
        "answers" : [],
        "isEntryPointForNewTest" : false,
        "questionscount" : 0,
        "filename" : "",
        "isExitPoint" : false,
        "nextBubbleId" : 20,
        "delay" : 1
    },
     {
      "id": 19,
      "text": "I <b>am</b>... ✅",
      "responseType": 0,
      "mediaUrl": "",
      "optionsCount": 0,
      "answers": [],
      "isEntryPointForNewTest": false,
      "questionsCount": 0,
      "filename": "",
      "nextBubbleId": 20,
      "delay": 2
    },
        {
        "id" : 20,
        "text" : "You/We/They ___...",
        "responseType" : 4,
        "correctResponses" : ["are"],
        "acceptedIncorrectResponses" : ["am", "is"],
        "nextErrorBubbleId" : 21,
        "mediaUrl" : "",
        "optionsCount" : 0,
        "answers" : [],
        "isEntryPointForNewTest" : false,
        "questionscount" : 0,
        "filename" : "",
        "isExitPoint" : false,
        "nextBubbleId" : -1,
        "delay" : 1
    },
     {
      "id": 21,
      "text": "You/We/They <b>are</b>... ✅",
      "responseType": 0,
      "mediaUrl": "",
      "optionsCount": 0,
      "answers": [],
      "isEntryPointForNewTest": false,
      "questionsCount": 0,
      "filename": "",
      "nextBubbleId": -1,
      "delay": 2
    }

  ]
}