{
  "BotId": 10002,
  "Bubbles": [
    {
      "id": 0,
      "text": "The verb rule for simple present tense is simple. 🙂",
      "responseType": 1,
      "mediaUrl": "",
      "optionsCount": 0,
      "answers": [],
      "isEntryPointForNewTest": false,
      "questionsCount": 0,
      "filename": "",
      "nextBubbleId": 1,
      "delay": 2
    },
    {
      "id": 1,
      "text": "I/You/We/They <i>verb</i> <br> <br> <i>I/You/We/They</i> <b><i>follow</i></b> <i>Hillary Clinton on Twitter</i>.",
      "responseType": 1,
      "mediaUrl": "",
      "optionsCount": 1,
      "answers": [
        {
          "id": 1,
          "text": "Got it 👍",
          "answerType": 0,
          "nextBubbleId": 2,
          "score": 0,
          "isEntryPointForNewBot": false,
          "isEntryPointForNewTest": false,
          "questionsCount": 0,
          "filename": ""
        }
      ],
      "isEntryPointForNewTest": false,
      "questionsCount": 0,
      "filename": "",
      "nextBubbleId": 2,
      "delay": 1
    },
    {
      "id": 2,
      "text": "The next part is simple too.",
      "responseType": 1,
      "mediaUrl": "",
      "optionsCount": 0,
      "answers": [],
      "isEntryPointForNewTest": false,
      "questionsCount": 0,
      "filename": "",
      "nextBubbleId": 3,
      "delay": 2
    },
    {
      "id": 3,
      "text": "He/She/It <i>verb+s</i> <br> <br> <i>He/She/It</i> <b><i>follows</i></b> <i>Hillary Clinton on Twitter</i>.",
      "responseType": 1,
      "mediaUrl": "",
      "optionsCount": 1,
      "answers": [
        {
          "id": 3,
          "text": "Noted 🙂",
          "answerType": 0,
          "nextBubbleId": 4,
          "score": 0,
          "isEntryPointForNewBot": false,
          "isEntryPointForNewTest": false,
          "questionsCount": 0,
          "filename": ""
        }
      ],
      "isEntryPointForNewTest": false,
      "questionsCount": 0,
      "filename": "",
      "nextBubbleId": 4,
      "delay": 1
    },
    {
      "id": 4,
      "text": "Let's summarize the rule.",
      "responseType": 0,
      "mediaUrl": "",
      "optionsCount": 0,
      "answers": [],
      "isEntryPointForNewTest": false,
      "questionsCount": 0,
      "filename": "",
      "nextBubbleId": 5,
      "delay": 2
    },
    {
      "id": 5,
      "text": "I...",
      "responseType": 1,
      "mediaUrl": "",
      "optionsCount": 2,
      "answers": [
        {
          "id": 5,
          "text": "verb",
          "answerType": 1,
          "nextBubbleId": 6,
          "score": 1,
          "isEntryPointForNewBot": false,
          "isEntryPointForNewTest": false,
          "questionsCount": 0,
          "filename": ""
        },
        {
          "id": 5,
          "text": "verb+s",
          "answerType": 1,
          "nextBubbleId": 6,
          "score": 0,
          "isEntryPointForNewBot": false,
          "isEntryPointForNewTest": false,
          "questionsCount": 0,
          "filename": ""
        }
      ],
      "isEntryPointForNewTest": false,
      "questionsCount": 0,
      "filename": "",
      "nextBubbleId": 6,
      "delay": 1
    },
    {
      "id": 6,
      "text": "She...",
      "responseType": 1,
      "mediaUrl": "",
      "optionsCount": 2,
      "answers": [
        {
          "id": 6,
          "text": "verb",
          "answerType": 1,
          "nextBubbleId": 7,
          "score": 0,
          "isEntryPointForNewBot": false,
          "isEntryPointForNewTest": false,
          "questionsCount": 0,
          "filename": ""
        },
        {
          "id": 6,
          "text": "verb+s",
          "answerType": 1,
          "nextBubbleId": 7,
          "score": 1,
          "isEntryPointForNewBot": false,
          "isEntryPointForNewTest": false,
          "questionsCount": 0,
          "filename": ""
        }
      ],
      "isEntryPointForNewTest": false,
      "questionsCount": 0,
      "filename": "",
      "nextBubbleId": 7,
      "delay": 1
    },
    {
      "id": 7,
      "text": "We...",
      "responseType": 1,
      "mediaUrl": "",
      "optionsCount": 2,
      "answers": [
        {
          "id": 7,
          "text": "verb",
          "answerType": 1,
          "nextBubbleId": 8,
          "score": 1,
          "isEntryPointForNewBot": false,
          "isEntryPointForNewTest": false,
          "questionsCount": 0,
          "filename": ""
        },
        {
          "id": 7,
          "text": "verb+s",
          "answerType": 1,
          "nextBubbleId": 8,
          "score": 0,
          "isEntryPointForNewBot": false,
          "isEntryPointForNewTest": false,
          "questionsCount": 0,
          "filename": ""
        }
      ],
      "isEntryPointForNewTest": false,
      "questionsCount": 0,
      "filename": "",
      "nextBubbleId": 8,
      "delay": 1
    },
    {
      "id": 8,
      "text": "You and I...",
      "responseType": 1,
      "mediaUrl": "",
      "optionsCount": 2,
      "answers": [
        {
          "id": 8,
          "text": "verb",
          "answerType": 1,
          "nextBubbleId": 10,
          "score": 1,
          "isEntryPointForNewBot": false,
          "isEntryPointForNewTest": false,
          "questionsCount": 0,
          "filename": ""
        },
        {
          "id": 8,
          "text": "verb+s",
          "answerType": 1,
          "nextBubbleId": 9,
          "score": 0,
          "isEntryPointForNewBot": false,
          "isEntryPointForNewTest": false,
          "questionsCount": 0,
          "filename": ""
        }
      ],
      "isEntryPointForNewTest": false,
      "questionsCount": 0,
      "filename": "",
      "nextBubbleId": 10,
      "delay": 1
    },
    {
      "id": 9,
      "text": "<i>You and I</i> = We <br> <br> Hence, <i>you and I verb.</i>",
      "responseType": 1,
      "mediaUrl": "",
      "optionsCount": 1,
      "answers": [
        {
          "id": 9,
          "text": "Understood",
          "answerType": 0,
          "nextBubbleId": 10,
          "score": 0,
          "isEntryPointForNewBot": false,
          "isEntryPointForNewTest": false,
          "questionsCount": 0,
          "filename": ""
        }
      ],
      "isEntryPointForNewTest": false,
      "questionsCount": 0,
      "filename": "",
      "nextBubbleId": 10,
      "delay": 1
    },
    {
      "id": 10,
      "text": "Mrs. Shetty and her daughters...",
      "responseType": 1,
      "mediaUrl": "",
      "optionsCount": 2,
      "answers": [
        {
          "id": 10,
          "text": "verb",
          "answerType": 1,
          "nextBubbleId": 12,
          "score": 1,
          "isEntryPointForNewBot": false,
          "isEntryPointForNewTest": false,
          "questionsCount": 0,
          "filename": ""
        },
        {
          "id": 10,
          "text": "verb+s",
          "answerType": 1,
          "nextBubbleId": 11,
          "score": 0,
          "isEntryPointForNewBot": false,
          "isEntryPointForNewTest": false,
          "questionsCount": 0,
          "filename": ""
        }
      ],
      "isEntryPointForNewTest": false,
      "questionsCount": 0,
      "filename": "",
      "nextBubbleId": 12,
      "delay": 1
    },
    {
      "id": 11,
      "text": "<i>Mrs. Shetty and her daughters</i> = They <br> <br> Hence, <i>Mrs. Shetty and her daughters verb.</i>",
      "responseType": 0,
      "mediaUrl": "",
      "optionsCount": 0,
      "answers": [],
      "isEntryPointForNewTest": false,
      "questionsCount": 0,
      "filename": "",
      "nextBubbleId": 12,
      "delay": 3
    },
    {
      "id": 12,
      "text": "Make sure you keep this rule in mind.",
      "responseType": 1,
      "mediaUrl": "",
      "optionsCount": 1,
      "answers": [
        {
          "id": 12,
          "text": "I will 👍",
          "answerType": 0,
          "nextBubbleId": -1,
          "score": 0,
          "isEntryPointForNewBot": false,
          "isEntryPointForNewTest": false,
          "questionsCount": 0,
          "filename": ""
        }
      ],
      "isEntryPointForNewTest": false,
      "questionsCount": 0,
      "filename": "",
      "nextBubbleId": -1,
      "delay": 1
    }
  ]
}