{
  "BotId": 1002,
  "Bubbles": [
    {
      "id": 0,
      "text": "Look at this sentence -",
      "responseType": 0,
      "mediaUrl": "",
      "optionsCount": 0,
      "answers": [],
      "isEntryPointForNewTest": false,
      "questionsCount": 0,
      "filename": "",
      "nextBubbleId": 1,
      "delay": 2
    },
    {
      "id": 1,
      "text": "<i>Linda always makes breakfast</i>. <br>The word <b>always</b> describes <i>how often</i> Linda makes (verb) breakfast.",
      "responseType": 0,
      "mediaUrl": "",
      "optionsCount": 0,
      "answers": [],
      "isEntryPointForNewTest": false,
      "questionsCount": 0,
      "filename": "",
      "nextBubbleId": 2,
      "delay": 4
    },
    {
      "id": 2,
      "text": "You can replace <i>always</i> with <i>never</i>, <i>often</i>, <i>seldom</i>, <i>rarely</i> etc.",
      "responseType": 1,
      "mediaUrl": "",
      "optionsCount": 1,
      "answers": [
        {
          "id": 2,
          "text": "Got it 👍",
          "answerType": 0,
          "nextBubbleId": -2,
          "score": 0,
          "isEntryPointForNewBot": false,
          "isEntryPointForNewTest": false,
          "questionsCount": 0,
          "filename": ""
        }
      ],
      "isEntryPointForNewTest": false,
      "questionsCount": 0,
      "filename": "",
      "nextBubbleId": -2,
      "delay": 1
    }
  ]
}